<DbInfos>
  <DbInfo MC="17房屋建筑与装饰" FileName="17房屋建筑与装饰.dek" FilePath="\系统数据\福建省\17房屋建筑与装饰\" ID="FJR1701" bh="" DataName="17房屋建筑与装饰" ProjectName="福建省" Specialty="17房屋建筑与装饰" TypeName="定额库" ValuModel="" Var="1.0" ReleDate="" State="1" IsUserAdded="" Path="" TypeSort="2" DataSort="1" ResourceType="1" MaterialDB="系统数据\福建省\材料库\2017基价库.clk" />
  <DbInfo MC="17安装" FileName="17安装.dek" FilePath="\系统数据\福建省\17安装\" ID="FJR1702" bh="" DataName="117安装" ProjectName="福建省" Specialty="17安装" TypeName="定额库" ValuModel="" Var="1.0" ReleDate="" State="1" IsUserAdded="" Path="" TypeSort="2" DataSort="1" ResourceType="1" MaterialDB="系统数据\福建省\材料库\2017基价库.clk" />
  <DbInfo MC="07市政维护" FileName="07市政维护.dek" FilePath="\系统数据\福建省\07市政维护\" ID="FJR1707" bh="" DataName="07市政维护" ProjectName="福建省" Specialty="07市政维护" TypeName="定额库" ValuModel="" Var="1.0" ReleDate="" State="1" IsUserAdded="" Path="" TypeSort="2" DataSort="1" ResourceType="1" MaterialDB="系统数据\福建省\材料库\2017基价库.clk" />
  <DbInfo MC="16古建筑" FileName="16古建筑.dek" FilePath="\系统数据\福建省\16古建筑\" ID="FJR1715" bh="" DataName="16古建筑" ProjectName="福建省" Specialty="16古建筑" TypeName="定额库" ValuModel="" Var="1.0" ReleDate="" State="1" IsUserAdded="" Path="" TypeSort="2" DataSort="1" ResourceType="1" MaterialDB="系统数据\福建省\材料库\2017基价库.clk" />
  <DbInfo MC="17构筑物" FileName="17构筑物.dek" FilePath="\系统数据\福建省\17构筑物\" ID="FJR1710" bh="" DataName="17构筑物" ProjectName="福建省" Specialty="17构筑物" TypeName="定额库" ValuModel="" Var="1.0" ReleDate="" State="1" IsUserAdded="" Path="" TypeSort="2" DataSort="1" ResourceType="1" MaterialDB="系统数据\福建省\材料库\2017基价库.clk" />
  <DbInfo MC="17市政" FileName="17市政.dek" FilePath="\系统数据\福建省\17市政\" ID="FJR1703" bh="" DataName="17市政" ProjectName="福建省" Specialty="17市政" TypeName="定额库" ValuModel="" Var="1.0" ReleDate="" State="1" IsUserAdded="" Path="" TypeSort="2" DataSort="1" ResourceType="1" MaterialDB="系统数据\福建省\材料库\2017基价库.clk" />
  <DbInfo MC="17园林" FileName="17园林.dek" FilePath="\系统数据\福建省\17园林\" ID="FJR1704" bh="" DataName="17园林" ProjectName="福建省" Specialty="17园林" TypeName="定额库" ValuModel="" Var="1.0" ReleDate="" State="1" IsUserAdded="" Path="" TypeSort="2" DataSort="1" ResourceType="1" MaterialDB="系统数据\福建省\材料库\2017基价库.clk" />
  <DbInfo MC="17装配式建筑" FileName="17装配式建筑.dek" FilePath="\系统数据\福建省\17装配式建筑\" ID="FJR1711" bh="" DataName="17装配式建筑" ProjectName="福建省" Specialty="17装配式建筑" TypeName="定额库" ValuModel="" Var="1.0" ReleDate="" State="1" IsUserAdded="" Path="" TypeSort="2" DataSort="1" ResourceType="1" MaterialDB="系统数据\福建省\材料库\2017基价库.clk" />
  <DbInfo MC="20房屋建筑加固" FileName="20房屋建筑加固.dek" FilePath="\系统数据\福建省\20房屋建筑加固\" ID="FJR1701" bh="" DataName="20房屋建筑加固" ProjectName="福建省" Specialty="20房屋建筑加固" TypeName="定额库" ValuModel="" Var="1.0" ReleDate="" State="1" IsUserAdded="" Path="" TypeSort="2" DataSort="1" ResourceType="1" MaterialDB="系统数据\福建省\材料库\2017基价库.clk" />
  <DbInfo MC="2005部分土建、装饰定额(仅供仿古建筑参考)" FileName="2005部分土建、装饰定额(仅供仿古建筑参考).dek" FilePath="\系统数据\福建省\17房屋建筑与装饰\" ID="FJR1718" bh="" DataName="仿古建筑参考定额" ProjectName="福建省" Specialty="仿古建筑参考定额" TypeName="定额库" ValuModel="" Var="1.0" ReleDate="" State="1" IsUserAdded="" Path="" TypeSort="2" DataSort="1" ResourceType="1" MaterialDB="系统数据\福建省\材料库\2017基价库.clk" />
  <DbInfo MC="爆破" FileName="爆破.dek" FilePath="\系统数据\福建省\17市政\" ID="FJR1720" bh="" DataName="爆破" ProjectName="福建省" Specialty="爆破" TypeName="定额库" ValuModel="" Var="1.0" ReleDate="" State="1" IsUserAdded="" Path="" TypeSort="2" DataSort="1" ResourceType="1" MaterialDB="系统数据\福建省\材料库\2017基价库.clk" />
  <DbInfo MC="轨道交通(安装)" FileName="轨道交通(安装).dek" FilePath="\系统数据\福建省\城市轨道交通(安装)\" ID="FJR1717" bh="" DataName="城市轨道交通(安装)" ProjectName="福建省" Specialty="城市轨道交通(安装)" TypeName="定额库" ValuModel="" Var="1.0" ReleDate="" State="1" IsUserAdded="" Path="" TypeSort="2" DataSort="1" ResourceType="1" MaterialDB="系统数据\福建省\材料库\2017基价库.clk" />
  <DbInfo MC="轨道交通(土建)" FileName="轨道交通(土建).dek" FilePath="\系统数据\福建省\城市轨道交通(土建)\" ID="FJR1717" bh="" DataName="城市轨道交通(土建)" ProjectName="福建省" Specialty="城市轨道交通(土建)" TypeName="定额库" ValuModel="" Var="1.0" ReleDate="" State="1" IsUserAdded="" Path="" TypeSort="2" DataSort="1" ResourceType="1" MaterialDB="系统数据\福建省\材料库\2017基价库.clk" />
</DbInfos>